{"cameraMode":{"drawMode":0,"name":"Shaded","section":"Shading Mode"},"sceneLighting":true,"audioPlay":false,"sceneViewState":{"m_AlwaysRefresh":false,"showFog":true,"showSkybox":true,"showFlares":true,"showImageEffects":true,"showParticleSystems":true,"showVisualEffectGraphs":true,"m_FxEnabled":true},"in2DMode":false,"pivot":{"x":4.136886119842529,"y":-0.8824944496154785,"z":6.717885971069336},"rotation":{"x":0.22252656519412995,"y":0.07041307538747788,"z":-0.016118966042995454,"w":0.9722656607627869},"size":5.434184551239014,"orthographic":false}